{"train_loss":2.320235252380371,"_runtime":1,"_wandb":{"runtime":1},"train_accuracy":0.125,"_timestamp":1.7678791011433785e+09,"_step":0}