{"images":{"width":28,"height":28,"format":"png","count":5,"filenames":["media/images/images_4755_2bd552ba1fb0ef6d8f8e.png","media/images/images_4755_5fa65f0cd88d1755274d.png","media/images/images_4755_33dcf335e1e18b8f9ffa.png","media/images/images_4755_340026c9b6a3ef484000.png","media/images/images_4755_cd9a520a71de34c0bf18.png"],"captions":["Input 0","Input 1","Input 2","Input 3","Input 4"],"_type":"images/separated"},"roc":{"height":480,"_type":"image-file","sha256":"73212261c8ae991e5ede144a4f1733eccb8d23650a2e5e8ce2f9a56d12371cc5","size":25083,"path":"media/images/roc_4794_73212261c8ae991e5ede.png","format":"png","width":640},"_runtime":53,"train_accuracy":0.9375,"gradients":{"bins":[-0.23580607771873474,-0.22879475355148315,-0.22178342938423157,-0.21477210521697998,-0.2077607959508896,-0.200749471783638,-0.1937381476163864,-0.18672682344913483,-0.17971551418304443,-0.17270419001579285,-0.16569286584854126,-0.15868154168128967,-0.15167021751403809,-0.1446588933467865,-0.1376475691795349,-0.13063625991344452,-0.12362493574619293,-0.11661361157894135,-0.10960228741168976,-0.10259097814559937,-0.09557965397834778,-0.08856832981109619,-0.0815570056438446,-0.07454568147659302,-0.06753435730934143,-0.06052304804325104,-0.05351172387599945,-0.046500399708747864,-0.03948907554149628,-0.03247775137424469,-0.025466442108154297,-0.01845511794090271,-0.011443793773651123,-0.004432469606399536,0.0025788545608520508,0.009590163826942444,0.016601502895355225,0.02361282706260681,0.03062412142753601,0.0376354455947876,0.044646769762039185,0.05165809392929077,0.05866941809654236,0.06568074226379395,0.07269206643104553,0.07970339059829712,0.0867147147655487,0.09372603893280029,0.10073736310005188,0.10774865746498108,0.11475998163223267,0.12177130579948425,0.12878262996673584,0.13579395413398743,0.142805278301239,0.1498166024684906,0.1568279266357422,0.16383925080299377,0.17085057497024536,0.17786186933517456,0.18487319350242615,0.19188451766967773,0.19889584183692932,0.2059071660041809,0.2129184752702713],"_type":"histogram","values":[2,0,1,0,0,0,0,1,0,0,0,1,0,0,1,0,0,0,0,1,0,0,0,2,1,2,1,0,1,12,31,93,527,92023,1062,141,37,8,1,0,3,1,2,0,0,0,1,0,0,0,1,0,1,0,0,0,1,0,0,0,0,0,2,1]},"_wandb":{"runtime":53},"_timestamp":1.767879585245137e+09,"train_loss":0.15103738009929657,"_step":4794}