{"_wandb":{"runtime":68},"_runtime":68,"train_loss":0.1413106620311737,"train_accuracy":0.9375,"_timestamp":1.7678790281263573e+09,"_step":4689}