{"_timestamp":1.7678792903306983e+09,"_step":957,"images":{"height":28,"format":"png","count":5,"filenames":["media/images/images_919_2bd552ba1fb0ef6d8f8e.png","media/images/images_919_5fa65f0cd88d1755274d.png","media/images/images_919_33dcf335e1e18b8f9ffa.png","media/images/images_919_340026c9b6a3ef484000.png","media/images/images_919_cd9a520a71de34c0bf18.png"],"captions":["Input 0","Input 1","Input 2","Input 3","Input 4"],"_type":"images/separated","width":28},"gradients":{"values":[1,0,0,0,0,0,0,0,0,2,1,2,0,0,1,2,3,2,1,2,3,0,3,4,8,12,13,39,247,1615,84373,6684,686,163,44,19,8,5,2,1,0,1,1,2,0,2,1,0,0,2,0,0,3,0,0,3,0,0,0,0,0,0,0,1],"bins":[-0.39231953024864197,-0.3795921206474304,-0.3668646812438965,-0.35413727164268494,-0.3414098620414734,-0.32868242263793945,-0.3159550130367279,-0.30322760343551636,-0.2905001938343048,-0.27777278423309326,-0.2650453448295593,-0.2523179352283478,-0.23959051072597504,-0.2268631011247635,-0.21413567662239075,-0.2014082670211792,-0.18868084251880646,-0.17595341801643372,-0.16322600841522217,-0.15049858391284943,-0.13777115941047668,-0.12504374980926514,-0.11231634020805359,-0.09958893060684204,-0.0868614912033081,-0.07413408160209656,-0.06140667200088501,-0.048679232597351074,-0.035951822996139526,-0.02322441339492798,-0.01049700379371643,0.002230435609817505,0.014957845211029053,0.0276852548122406,0.040412694215774536,0.053140103816986084,0.06586751341819763,0.07859492301940918,0.09132236242294312,0.10404977202415466,0.1167772114276886,0.12950459122657776,0.1422320306301117,0.15495947003364563,0.1676868498325348,0.18041428923606873,0.19314166903495789,0.20586910843849182,0.21859654784202576,0.23132392764091492,0.24405136704444885,0.2567788064479828,0.26950618624687195,0.2822336256504059,0.2949610650539398,0.307688444852829,0.3204158842563629,0.33314332365989685,0.345870703458786,0.35859814286231995,0.3713255226612091,0.38405296206474304,0.396780401468277,0.40950778126716614,0.4222352206707001],"_type":"histogram"},"_wandb":{"runtime":13},"_runtime":13,"train_loss":0.4545266926288605,"train_accuracy":0.875}